File Name,20240123_124655_CT029692_20220214.pcrd,,,,
Created By User,,,,,
Notes,,,,,
ID,,,,,
Run Started,01/23/2024 20:47:09 UTC,,,,
Run Ended,01/23/2024 23:53:07 UTC,,,,
Sample Vol,25,,,,
Lid Temp,105,,,,
Protocol File Name,Unknown.prcl,,,,
Plate Setup File Name,DefaultPlate.pltd,,,,
Base Serial Number,CT029692,,,,
Optical Head Serial Number,785BR17446,,,,
CFX Maestro Version,4.1.2433.1219. ,,,,
,,,,,
Well group,All Wells,,,,
Amplification step,4,,,,
Melt step,8,,,,
,,,,,
,,,,,
Well,Fluor,Target,Content,Sample,Cq
A01,ROX,,Unkn,Pool6_Neg,NaN
A02,ROX,,Unkn,Pool6_Neg,NaN
A03,ROX,,Unkn,Pool6_Neg,NaN
A04,ROX,,Unkn,Pool6_Neg,NaN
A05,ROX,,Unkn,Pool6_Neg,NaN
A06,ROX,,Unkn,Pool6_Neg,NaN
A07,ROX,,Unkn,Pool6_Neg,NaN
A08,ROX,,Unkn,Pool6_Neg,NaN
A09,ROX,,Unkn,Pool6_Neg,NaN
A10,ROX,,Unkn,Pool6_Neg,NaN
A11,ROX,,Unkn,Pool6_Neg,NaN
A12,ROX,,Unkn,Pool6_Neg,NaN
B01,ROX,,Unkn,Pool6_10%,NaN
B02,ROX,,Unkn,Pool6_10%,NaN
B03,ROX,,Unkn,Pool6_10%,NaN
B04,ROX,,Unkn,Pool6_10%,NaN
B05,ROX,,Unkn,Pool6_10%,NaN
B06,ROX,,Unkn,Pool6_10%,NaN
B07,ROX,,Unkn,Pool6_10%,NaN
B08,ROX,,Unkn,Pool6_10%,NaN
B09,ROX,,Unkn,Pool6_10%,NaN
B10,ROX,,Unkn,Pool6_10%,NaN
B11,ROX,,Unkn,Pool6_10%,NaN
B12,ROX,,Unkn,Pool6_10%,NaN
C01,ROX,,Unkn,Pool6_5%,NaN
C02,ROX,,Unkn,Pool6_5%,NaN
C03,ROX,,Unkn,Pool6_5%,NaN
C04,ROX,,Unkn,Pool6_5%,NaN
C05,ROX,,Unkn,Pool6_5%,NaN
C06,ROX,,Unkn,Pool6_5%,NaN
C07,ROX,,Unkn,Pool6_5%,NaN
C08,ROX,,Unkn,Pool6_5%,NaN
C09,ROX,,Unkn,Pool6_5%,NaN
C10,ROX,,Unkn,Pool6_5%,NaN
C11,ROX,,Unkn,Pool6_5%,NaN
C12,ROX,,Unkn,Pool6_5%,NaN
D01,ROX,,Unkn,Pool6_2.5%,NaN
D02,ROX,,Unkn,Pool6_2.5%,NaN
D03,ROX,,Unkn,Pool6_2.5%,NaN
D04,ROX,,Unkn,Pool6_2.5%,NaN
D05,ROX,,Unkn,Pool6_2.5%,NaN
D06,ROX,,Unkn,Pool6_2.5%,NaN
D07,ROX,,Unkn,Pool6_2.5%,NaN
D08,ROX,,Unkn,Pool6_2.5%,NaN
D09,ROX,,Unkn,Pool6_2.5%,NaN
D10,ROX,,Unkn,Pool6_2.5%,NaN
D11,ROX,,Unkn,Pool6_2.5%,NaN
D12,ROX,,Unkn,Pool6_2.5%,NaN
E01,ROX,,NTC,Pool6_NTC,NaN
E02,ROX,,NTC,Pool6_NTC,NaN
E03,ROX,,NTC,Pool6_NTC,NaN
E04,ROX,,NTC,Pool6_NTC,NaN
E05,ROX,,NTC,Pool6_NTC,NaN
E06,ROX,,NTC,Pool6_NTC,NaN
E07,ROX,,NTC,Pool6_NTC,NaN
E08,ROX,,NTC,Pool6_NTC,NaN
E09,ROX,,NTC,Pool6_NTC,NaN
E10,ROX,,NTC,Pool6_NTC,NaN
E11,ROX,,NTC,Pool6_NTC,NaN
E12,ROX,,NTC,Pool6_NTC,NaN
A01,SYBR,Sox10,Unkn,Pool6_Neg,29.6380664053519
A02,SYBR,Sox10,Unkn,Pool6_Neg,29.0607649858988
A03,SYBR,Sox10,Unkn,Pool6_Neg,30.2784933849098
A04,SYBR,FoxD3,Unkn,Pool6_Neg,27.2662804324828
A05,SYBR,FoxD3,Unkn,Pool6_Neg,27.3451128044028
A06,SYBR,FoxD3,Unkn,Pool6_Neg,27.42709655029
A07,SYBR,Snai2,Unkn,Pool6_Neg,32.4009886423153
A08,SYBR,Snai2,Unkn,Pool6_Neg,33.0662281300283
A09,SYBR,Snai2,Unkn,Pool6_Neg,32.0983886498472
A10,SYBR,GAPDH,Unkn,Pool6_Neg,20.6322746063642
A11,SYBR,GAPDH,Unkn,Pool6_Neg,20.9616165509962
A12,SYBR,GAPDH,Unkn,Pool6_Neg,21.0417859721601
B01,SYBR,Sox10,Unkn,Pool6_10%,27.4678884800083
B02,SYBR,Sox10,Unkn,Pool6_10%,26.2583625309151
B03,SYBR,Sox10,Unkn,Pool6_10%,27.046990972634
B04,SYBR,FoxD3,Unkn,Pool6_10%,27.6407786709965
B05,SYBR,FoxD3,Unkn,Pool6_10%,27.7814789128108
B06,SYBR,FoxD3,Unkn,Pool6_10%,27.6983568419031
B07,SYBR,Snai2,Unkn,Pool6_10%,32.3318547705788
B08,SYBR,Snai2,Unkn,Pool6_10%,32.6755024225043
B09,SYBR,Snai2,Unkn,Pool6_10%,33.0659292580601
B10,SYBR,GAPDH,Unkn,Pool6_10%,21.7598249158228
B11,SYBR,GAPDH,Unkn,Pool6_10%,21.7181510068514
B12,SYBR,GAPDH,Unkn,Pool6_10%,21.7183215369572
C01,SYBR,Sox10,Unkn,Pool6_5%,26.6573315707464
C02,SYBR,Sox10,Unkn,Pool6_5%,26.4623928036006
C03,SYBR,Sox10,Unkn,Pool6_5%,26.4951473921553
C04,SYBR,FoxD3,Unkn,Pool6_5%,28.1535944967801
C05,SYBR,FoxD3,Unkn,Pool6_5%,27.8991189438091
C06,SYBR,FoxD3,Unkn,Pool6_5%,28.1562991719595
C07,SYBR,Snai2,Unkn,Pool6_5%,28.145736707112
C08,SYBR,Snai2,Unkn,Pool6_5%,33.4355412520421
C09,SYBR,Snai2,Unkn,Pool6_5%,33.1410180423137
C10,SYBR,GAPDH,Unkn,Pool6_5%,22.2243762496928
C11,SYBR,GAPDH,Unkn,Pool6_5%,22.2026952714013
C12,SYBR,GAPDH,Unkn,Pool6_5%,22.2115036166678
D01,SYBR,Sox10,Unkn,Pool6_2.5%,23.6767682694332
D02,SYBR,Sox10,Unkn,Pool6_2.5%,23.6428005098256
D03,SYBR,Sox10,Unkn,Pool6_2.5%,23.6711145109541
D04,SYBR,FoxD3,Unkn,Pool6_2.5%,26.1605918138771
D05,SYBR,FoxD3,Unkn,Pool6_2.5%,26.2163598693344
D06,SYBR,FoxD3,Unkn,Pool6_2.5%,26.211634889288
D07,SYBR,Snai2,Unkn,Pool6_2.5%,31.681074214246
D08,SYBR,Snai2,Unkn,Pool6_2.5%,31.856626120513
D09,SYBR,Snai2,Unkn,Pool6_2.5%,32.2842907081512
D10,SYBR,GAPDH,Unkn,Pool6_2.5%,20.8479712706578
D11,SYBR,GAPDH,Unkn,Pool6_2.5%,20.9556919064056
D12,SYBR,GAPDH,Unkn,Pool6_2.5%,21.1068246499828
E01,SYBR,Sox10,NTC,Pool6_NTC,33.866186219068
E02,SYBR,Sox10,NTC,Pool6_NTC,45.4366985799138
E03,SYBR,Sox10,NTC,Pool6_NTC,29.9732075171936
E04,SYBR,FoxD3,NTC,Pool6_NTC,NaN
E05,SYBR,FoxD3,NTC,Pool6_NTC,NaN
E06,SYBR,FoxD3,NTC,Pool6_NTC,NaN
E07,SYBR,Snai2,NTC,Pool6_NTC,41.079409279833
E08,SYBR,Snai2,NTC,Pool6_NTC,34.3129587589559
E09,SYBR,Snai2,NTC,Pool6_NTC,41.9520627296263
E10,SYBR,GAPDH,NTC,Pool6_NTC,38.1909854867837
E11,SYBR,GAPDH,NTC,Pool6_NTC,33.1983687084286
E12,SYBR,GAPDH,NTC,Pool6_NTC,43.0475314017018
